"Step","loss","clear-voice-1 - 5_total/train_gop_loss__MIN","clear-voice-1 - 5_total/train_gop_loss__MAX"
"501","0.5942171216011047","0.5942171216011047","0.5942171216011047"
"502","0.538388729095459","0.538388729095459","0.538388729095459"
"503","0.5412591099739075","0.5412591099739075","0.5412591099739075"
"504","0.5106307864189148","0.5106307864189148","0.5106307864189148"
"505","0.4178254306316376","0.4178254306316376","0.4178254306316376"
"512","0.403294175863266","0.403294175863266","0.403294175863266"
"513","0.36872079968452454","0.36872079968452454","0.36872079968452454"
"514","0.3404492139816284","0.3404492139816284","0.3404492139816284"
"515","0.3147873282432556","0.3147873282432556","0.3147873282432556"
"516","0.2720101773738861","0.2720101773738861","0.2720101773738861"
"523","0.287580668926239","0.287580668926239","0.287580668926239"
"524","0.24932484328746796","0.24932484328746796","0.24932484328746796"
"525","0.3011939525604248","0.3011939525604248","0.3011939525604248"
"526","0.2162122130393982","0.2162122130393982","0.2162122130393982"
"527","0.2351796180009842","0.2351796180009842","0.2351796180009842"
"534","0.31919991970062256","0.31919991970062256","0.31919991970062256"
"535","0.21581199765205383","0.21581199765205383","0.21581199765205383"
"536","0.19137383997440338","0.19137383997440338","0.19137383997440338"
"537","0.24862802028656006","0.24862802028656006","0.24862802028656006"
"538","0.2182379513978958","0.2182379513978958","0.2182379513978958"
"545","0.20364239811897278","0.20364239811897278","0.20364239811897278"
"546","0.2799842953681946","0.2799842953681946","0.2799842953681946"
"547","0.21133297681808472","0.21133297681808472","0.21133297681808472"
"548","0.18580123782157898","0.18580123782157898","0.18580123782157898"
"549","0.22810038924217224","0.22810038924217224","0.22810038924217224"
"556","0.19752608239650726","0.19752608239650726","0.19752608239650726"
"557","0.19215109944343567","0.19215109944343567","0.19215109944343567"
"558","0.14988264441490173","0.14988264441490173","0.14988264441490173"
"559","0.1959034502506256","0.1959034502506256","0.1959034502506256"
"560","0.22649553418159485","0.22649553418159485","0.22649553418159485"
"567","0.1519152671098709","0.1519152671098709","0.1519152671098709"
"568","0.1943071335554123","0.1943071335554123","0.1943071335554123"
"569","0.1595182716846466","0.1595182716846466","0.1595182716846466"
"570","0.16529062390327454","0.16529062390327454","0.16529062390327454"
"571","0.20665918290615082","0.20665918290615082","0.20665918290615082"
"578","0.1789109855890274","0.1789109855890274","0.1789109855890274"
"579","0.17526395618915558","0.17526395618915558","0.17526395618915558"
"580","0.13874439895153046","0.13874439895153046","0.13874439895153046"
"581","0.12301445752382278","0.12301445752382278","0.12301445752382278"
"582","0.1203719973564148","0.1203719973564148","0.1203719973564148"
"589","0.20730186998844147","0.20730186998844147","0.20730186998844147"
"590","0.1886153519153595","0.1886153519153595","0.1886153519153595"
"591","0.1650702804327011","0.1650702804327011","0.1650702804327011"
"592","0.1405278742313385","0.1405278742313385","0.1405278742313385"
"593","0.13708293437957764","0.13708293437957764","0.13708293437957764"
"600","0.1758173108100891","0.1758173108100891","0.1758173108100891"
"601","0.13491210341453552","0.13491210341453552","0.13491210341453552"
"602","0.13565793633460999","0.13565793633460999","0.13565793633460999"
"603","0.13419793546199799","0.13419793546199799","0.13419793546199799"
"604","0.14929217100143433","0.14929217100143433","0.14929217100143433"
"611","0.1433405578136444","0.1433405578136444","0.1433405578136444"
"612","0.1345849484205246","0.1345849484205246","0.1345849484205246"
"613","0.11262581497430801","0.11262581497430801","0.11262581497430801"
"614","0.1317581683397293","0.1317581683397293","0.1317581683397293"
"615","0.15533733367919922","0.15533733367919922","0.15533733367919922"
"622","0.16755737364292145","0.16755737364292145","0.16755737364292145"
"623","0.1469079554080963","0.1469079554080963","0.1469079554080963"
"624","0.14567629992961884","0.14567629992961884","0.14567629992961884"
"625","0.1542607545852661","0.1542607545852661","0.1542607545852661"
"626","0.18224188685417175","0.18224188685417175","0.18224188685417175"
"633","0.16165633499622345","0.16165633499622345","0.16165633499622345"
"634","0.13408732414245605","0.13408732414245605","0.13408732414245605"
"635","0.22225740551948547","0.22225740551948547","0.22225740551948547"
"636","0.13725116848945618","0.13725116848945618","0.13725116848945618"
"637","0.13087055087089539","0.13087055087089539","0.13087055087089539"
"644","0.15002743899822235","0.15002743899822235","0.15002743899822235"
"645","0.17534121870994568","0.17534121870994568","0.17534121870994568"
"646","0.10882321745157242","0.10882321745157242","0.10882321745157242"
"647","0.12240315228700638","0.12240315228700638","0.12240315228700638"
"648","0.12986262142658234","0.12986262142658234","0.12986262142658234"
"655","0.11777105927467346","0.11777105927467346","0.11777105927467346"
"656","0.1025814563035965","0.1025814563035965","0.1025814563035965"
"657","0.13728433847427368","0.13728433847427368","0.13728433847427368"
"658","0.15433917939662933","0.15433917939662933","0.15433917939662933"
"659","0.13902483880519867","0.13902483880519867","0.13902483880519867"
"666","0.12985260784626007","0.12985260784626007","0.12985260784626007"
"667","0.1544772833585739","0.1544772833585739","0.1544772833585739"
"668","0.14587907493114471","0.14587907493114471","0.14587907493114471"
"669","0.13489077985286713","0.13489077985286713","0.13489077985286713"
"670","0.14035378396511078","0.14035378396511078","0.14035378396511078"
"677","0.11214880645275116","0.11214880645275116","0.11214880645275116"
"678","0.14384940266609192","0.14384940266609192","0.14384940266609192"
"679","0.1332872360944748","0.1332872360944748","0.1332872360944748"
"680","0.11523711681365967","0.11523711681365967","0.11523711681365967"
"681","0.16469800472259521","0.16469800472259521","0.16469800472259521"
"688","0.17622274160385132","0.17622274160385132","0.17622274160385132"
"689","0.13805000483989716","0.13805000483989716","0.13805000483989716"
"690","0.18702763319015503","0.18702763319015503","0.18702763319015503"
"691","0.11809168756008148","0.11809168756008148","0.11809168756008148"
"692","0.11381405591964722","0.11381405591964722","0.11381405591964722"
"699","0.13923338055610657","0.13923338055610657","0.13923338055610657"
"700","0.11200043559074402","0.11200043559074402","0.11200043559074402"
"701","0.1477569341659546","0.1477569341659546","0.1477569341659546"
"702","0.12274427711963654","0.12274427711963654","0.12274427711963654"
"703","0.1683998852968216","0.1683998852968216","0.1683998852968216"
"710","0.13468392193317413","0.13468392193317413","0.13468392193317413"
"711","0.12262497842311859","0.12262497842311859","0.12262497842311859"
"712","0.15717093646526337","0.15717093646526337","0.15717093646526337"
"713","0.16798216104507446","0.16798216104507446","0.16798216104507446"
"714","0.13997937738895416","0.13997937738895416","0.13997937738895416"
"721","0.1203736811876297","0.1203736811876297","0.1203736811876297"
"722","0.08825657516717911","0.08825657516717911","0.08825657516717911"
"723","0.11563964933156967","0.11563964933156967","0.11563964933156967"
"724","0.12132842093706131","0.12132842093706131","0.12132842093706131"
"725","0.1576760709285736","0.1576760709285736","0.1576760709285736"
"732","0.10884831100702286","0.10884831100702286","0.10884831100702286"
"733","0.13717257976531982","0.13717257976531982","0.13717257976531982"
"734","0.14701096713542938","0.14701096713542938","0.14701096713542938"
"735","0.13582772016525269","0.13582772016525269","0.13582772016525269"
"736","0.13942353427410126","0.13942353427410126","0.13942353427410126"
"743","0.12393089383840561","0.12393089383840561","0.12393089383840561"
"744","0.12081081420183182","0.12081081420183182","0.12081081420183182"
"745","0.13299758732318878","0.13299758732318878","0.13299758732318878"
"746","0.12109238654375076","0.12109238654375076","0.12109238654375076"
"747","0.10739720612764359","0.10739720612764359","0.10739720612764359"
"754","0.15497110784053802","0.15497110784053802","0.15497110784053802"
"755","0.17131319642066956","0.17131319642066956","0.17131319642066956"
"756","0.1471060961484909","0.1471060961484909","0.1471060961484909"
"757","0.1166611984372139","0.1166611984372139","0.1166611984372139"
"758","0.11580099910497665","0.11580099910497665","0.11580099910497665"
"765","0.10093475878238678","0.10093475878238678","0.10093475878238678"
"766","0.11605948954820633","0.11605948954820633","0.11605948954820633"
"767","0.1725430190563202","0.1725430190563202","0.1725430190563202"
"768","0.13673174381256104","0.13673174381256104","0.13673174381256104"
"769","0.1353708952665329","0.1353708952665329","0.1353708952665329"
"776","0.1316390037536621","0.1316390037536621","0.1316390037536621"
"777","0.15851914882659912","0.15851914882659912","0.15851914882659912"
"778","0.1154756098985672","0.1154756098985672","0.1154756098985672"
"779","0.11671281605958939","0.11671281605958939","0.11671281605958939"
"780","0.09108572453260422","0.09108572453260422","0.09108572453260422"
"787","0.12307089567184448","0.12307089567184448","0.12307089567184448"
"788","0.1182931661605835","0.1182931661605835","0.1182931661605835"
"789","0.11618635803461075","0.11618635803461075","0.11618635803461075"
"790","0.1322639286518097","0.1322639286518097","0.1322639286518097"
"791","0.11439231783151627","0.11439231783151627","0.11439231783151627"
"798","0.11418174207210541","0.11418174207210541","0.11418174207210541"
"799","0.11488647013902664","0.11488647013902664","0.11488647013902664"
"800","0.1476263701915741","0.1476263701915741","0.1476263701915741"
"801","0.12007655948400497","0.12007655948400497","0.12007655948400497"
"802","0.12306876480579376","0.12306876480579376","0.12306876480579376"
"809","0.09888903796672821","0.09888903796672821","0.09888903796672821"
"810","0.12316323816776276","0.12316323816776276","0.12316323816776276"
"811","0.13557015359401703","0.13557015359401703","0.13557015359401703"
"812","0.13031330704689026","0.13031330704689026","0.13031330704689026"
"813","0.16891025006771088","0.16891025006771088","0.16891025006771088"
"820","0.14908501505851746","0.14908501505851746","0.14908501505851746"
"821","0.09915851056575775","0.09915851056575775","0.09915851056575775"
"822","0.09244267642498016","0.09244267642498016","0.09244267642498016"
"823","0.10302162915468216","0.10302162915468216","0.10302162915468216"
"824","0.14339396357536316","0.14339396357536316","0.14339396357536316"
"831","0.09507802128791809","0.09507802128791809","0.09507802128791809"
"832","0.14176717400550842","0.14176717400550842","0.14176717400550842"
"833","0.13999488949775696","0.13999488949775696","0.13999488949775696"
"834","0.10596175491809845","0.10596175491809845","0.10596175491809845"
"835","0.10494749248027802","0.10494749248027802","0.10494749248027802"
"842","0.13612718880176544","0.13612718880176544","0.13612718880176544"
"843","0.10282241553068161","0.10282241553068161","0.10282241553068161"
"844","0.1279301941394806","0.1279301941394806","0.1279301941394806"
"845","0.11331894248723984","0.11331894248723984","0.11331894248723984"
"846","0.16159887611865997","0.16159887611865997","0.16159887611865997"
"853","0.15276706218719482","0.15276706218719482","0.15276706218719482"
"854","0.1006457731127739","0.1006457731127739","0.1006457731127739"
"855","0.10845065861940384","0.10845065861940384","0.10845065861940384"
"856","0.10398567467927933","0.10398567467927933","0.10398567467927933"
"857","0.13138704001903534","0.13138704001903534","0.13138704001903534"
"864","0.09749025851488113","0.09749025851488113","0.09749025851488113"
"865","0.11810435354709625","0.11810435354709625","0.11810435354709625"
"866","0.1474771499633789","0.1474771499633789","0.1474771499633789"
"867","0.155253604054451","0.155253604054451","0.155253604054451"
"868","0.11149340867996216","0.11149340867996216","0.11149340867996216"
"875","0.11495900899171829","0.11495900899171829","0.11495900899171829"
"876","0.10952113568782806","0.10952113568782806","0.10952113568782806"
"877","0.11804176867008209","0.11804176867008209","0.11804176867008209"
"878","0.09236136823892593","0.09236136823892593","0.09236136823892593"
"879","0.10502039641141891","0.10502039641141891","0.10502039641141891"
"886","0.12693998217582703","0.12693998217582703","0.12693998217582703"
"887","0.13986949622631073","0.13986949622631073","0.13986949622631073"
"888","0.13616469502449036","0.13616469502449036","0.13616469502449036"
"889","0.10660627484321594","0.10660627484321594","0.10660627484321594"
"890","0.1550873965024948","0.1550873965024948","0.1550873965024948"
"897","0.11139482259750366","0.11139482259750366","0.11139482259750366"
"898","0.1415642350912094","0.1415642350912094","0.1415642350912094"
"899","0.09965678304433823","0.09965678304433823","0.09965678304433823"
"900","0.14306804537773132","0.14306804537773132","0.14306804537773132"
"901","0.11113389581441879","0.11113389581441879","0.11113389581441879"
"908","0.10330446809530258","0.10330446809530258","0.10330446809530258"
"909","0.102837935090065","0.102837935090065","0.102837935090065"
"910","0.13057710230350494","0.13057710230350494","0.13057710230350494"
"911","0.10590412467718124","0.10590412467718124","0.10590412467718124"
"912","0.11254054307937622","0.11254054307937622","0.11254054307937622"
"919","0.09297968447208405","0.09297968447208405","0.09297968447208405"
"920","0.13226120173931122","0.13226120173931122","0.13226120173931122"
"921","0.11016447842121124","0.11016447842121124","0.11016447842121124"
"922","0.10800114274024963","0.10800114274024963","0.10800114274024963"
"923","0.13519328832626343","0.13519328832626343","0.13519328832626343"
"930","0.11480141431093216","0.11480141431093216","0.11480141431093216"
"931","0.13876983523368835","0.13876983523368835","0.13876983523368835"
"932","0.12336163222789764","0.12336163222789764","0.12336163222789764"
"933","0.18041159212589264","0.18041159212589264","0.18041159212589264"
"934","0.12332720309495926","0.12332720309495926","0.12332720309495926"
"941","0.09829197824001312","0.09829197824001312","0.09829197824001312"
"942","0.11426051706075668","0.11426051706075668","0.11426051706075668"
"943","0.12358617782592773","0.12358617782592773","0.12358617782592773"
"944","0.1136430874466896","0.1136430874466896","0.1136430874466896"
"945","0.12578384578227997","0.12578384578227997","0.12578384578227997"
"952","0.15985877811908722","0.15985877811908722","0.15985877811908722"
"953","0.1271095722913742","0.1271095722913742","0.1271095722913742"
"954","0.1339150369167328","0.1339150369167328","0.1339150369167328"
"955","0.12862065434455872","0.12862065434455872","0.12862065434455872"
"956","0.1499485969543457","0.1499485969543457","0.1499485969543457"
"963","0.09373808652162552","0.09373808652162552","0.09373808652162552"
"964","0.16766634583473206","0.16766634583473206","0.16766634583473206"
"965","0.13364073634147644","0.13364073634147644","0.13364073634147644"
"966","0.09210649877786636","0.09210649877786636","0.09210649877786636"
"967","0.08827438950538635","0.08827438950538635","0.08827438950538635"
"974","0.11845819652080536","0.11845819652080536","0.11845819652080536"
"975","0.12510131299495697","0.12510131299495697","0.12510131299495697"
"976","0.14944466948509216","0.14944466948509216","0.14944466948509216"
"977","0.13847458362579346","0.13847458362579346","0.13847458362579346"
"978","0.14096598327159882","0.14096598327159882","0.14096598327159882"
"985","0.08947085589170456","0.08947085589170456","0.08947085589170456"
"986","0.1118558868765831","0.1118558868765831","0.1118558868765831"
"987","0.09951180964708328","0.09951180964708328","0.09951180964708328"
"988","0.12228665500879288","0.12228665500879288","0.12228665500879288"
"989","0.11181581765413284","0.11181581765413284","0.11181581765413284"
"996","0.14333002269268036","0.14333002269268036","0.14333002269268036"
"997","0.1218591183423996","0.1218591183423996","0.1218591183423996"
"998","0.11698427051305771","0.11698427051305771","0.11698427051305771"
"999","0.09685070067644119","0.09685070067644119","0.09685070067644119"
"1000","0.11975948512554169","0.11975948512554169","0.11975948512554169"
"1007","0.14582288265228271","0.14582288265228271","0.14582288265228271"
"1008","0.1370975226163864","0.1370975226163864","0.1370975226163864"
"1009","0.11016358435153961","0.11016358435153961","0.11016358435153961"
"1010","0.10106030851602554","0.10106030851602554","0.10106030851602554"
"1011","0.10080795735120773","0.10080795735120773","0.10080795735120773"
"1018","0.10968282073736191","0.10968282073736191","0.10968282073736191"
"1019","0.1500854194164276","0.1500854194164276","0.1500854194164276"
"1020","0.08706264197826385","0.08706264197826385","0.08706264197826385"
"1021","0.13457253575325012","0.13457253575325012","0.13457253575325012"
"1022","0.10052584111690521","0.10052584111690521","0.10052584111690521"
"1029","0.11173465847969055","0.11173465847969055","0.11173465847969055"
"1030","0.10390954464673996","0.10390954464673996","0.10390954464673996"
"1031","0.08065496385097504","0.08065496385097504","0.08065496385097504"
"1032","0.12301093339920044","0.12301093339920044","0.12301093339920044"
"1033","0.11496814340353012","0.11496814340353012","0.11496814340353012"
"1040","0.10264982283115387","0.10264982283115387","0.10264982283115387"
"1041","0.1379939168691635","0.1379939168691635","0.1379939168691635"
"1042","0.09742268919944763","0.09742268919944763","0.09742268919944763"
"1043","0.10897209495306015","0.10897209495306015","0.10897209495306015"
"1044","0.12713971734046936","0.12713971734046936","0.12713971734046936"
"1051","0.09464941173791885","0.09464941173791885","0.09464941173791885"
"1052","0.11385340988636017","0.11385340988636017","0.11385340988636017"
"1053","0.0936778262257576","0.0936778262257576","0.0936778262257576"
"1054","0.09261961281299591","0.09261961281299591","0.09261961281299591"
"1055","0.08369462192058563","0.08369462192058563","0.08369462192058563"
"1062","0.10247837752103806","0.10247837752103806","0.10247837752103806"
"1063","0.11057934165000916","0.11057934165000916","0.11057934165000916"
"1064","0.09060879051685333","0.09060879051685333","0.09060879051685333"
"1065","0.10891459882259369","0.10891459882259369","0.10891459882259369"
"1066","0.09304787963628769","0.09304787963628769","0.09304787963628769"
"1073","0.0987573191523552","0.0987573191523552","0.0987573191523552"
"1074","0.12898053228855133","0.12898053228855133","0.12898053228855133"
"1075","0.10783561319112778","0.10783561319112778","0.10783561319112778"
"1076","0.10468698292970657","0.10468698292970657","0.10468698292970657"
"1077","0.09928737580776215","0.09928737580776215","0.09928737580776215"
"1084","0.09758774191141129","0.09758774191141129","0.09758774191141129"
"1085","0.08949514478445053","0.08949514478445053","0.08949514478445053"
"1086","0.1240939348936081","0.1240939348936081","0.1240939348936081"
"1087","0.12038149684667587","0.12038149684667587","0.12038149684667587"
"1088","0.09717781096696854","0.09717781096696854","0.09717781096696854"
"1095","0.1283724159002304","0.1283724159002304","0.1283724159002304"
"1096","0.1539592444896698","0.1539592444896698","0.1539592444896698"
"1097","0.11761168390512466","0.11761168390512466","0.11761168390512466"
"1098","0.09526000171899796","0.09526000171899796","0.09526000171899796"
"1099","0.10349620878696442","0.10349620878696442","0.10349620878696442"
"1106","0.12496177107095718","0.12496177107095718","0.12496177107095718"
"1107","0.09486900269985199","0.09486900269985199","0.09486900269985199"
"1108","0.099416084587574","0.099416084587574","0.099416084587574"
"1109","0.09304021298885345","0.09304021298885345","0.09304021298885345"
"1110","0.11963475495576859","0.11963475495576859","0.11963475495576859"
"1117","0.10027409344911575","0.10027409344911575","0.10027409344911575"
"1118","0.13134488463401794","0.13134488463401794","0.13134488463401794"
"1119","0.11874531209468842","0.11874531209468842","0.11874531209468842"
"1120","0.11556067317724228","0.11556067317724228","0.11556067317724228"
"1121","0.0977652445435524","0.0977652445435524","0.0977652445435524"
"1128","0.12440697103738785","0.12440697103738785","0.12440697103738785"
"1129","0.13342970609664917","0.13342970609664917","0.13342970609664917"
"1130","0.1058877557516098","0.1058877557516098","0.1058877557516098"
"1131","0.07899937033653259","0.07899937033653259","0.07899937033653259"
"1132","0.11668132245540619","0.11668132245540619","0.11668132245540619"
"1139","0.08199727535247803","0.08199727535247803","0.08199727535247803"
"1140","0.10028085857629776","0.10028085857629776","0.10028085857629776"
"1141","0.09964032471179962","0.09964032471179962","0.09964032471179962"
"1142","0.11934022605419159","0.11934022605419159","0.11934022605419159"
"1143","0.107782281935215","0.107782281935215","0.107782281935215"
"1150","0.12433245778083801","0.12433245778083801","0.12433245778083801"
"1151","0.10530481487512589","0.10530481487512589","0.10530481487512589"
"1152","0.09194739162921906","0.09194739162921906","0.09194739162921906"
"1153","0.09606008231639862","0.09606008231639862","0.09606008231639862"
"1154","0.09276674687862396","0.09276674687862396","0.09276674687862396"
"1161","0.09570495039224625","0.09570495039224625","0.09570495039224625"
"1162","0.13457539677619934","0.13457539677619934","0.13457539677619934"
"1163","0.10318588465452194","0.10318588465452194","0.10318588465452194"
"1164","0.11024297028779984","0.11024297028779984","0.11024297028779984"
"1165","0.09385009109973907","0.09385009109973907","0.09385009109973907"
"1172","0.09042011201381683","0.09042011201381683","0.09042011201381683"
"1173","0.09520787745714188","0.09520787745714188","0.09520787745714188"
"1174","0.10922707617282867","0.10922707617282867","0.10922707617282867"
"1175","0.09595953673124313","0.09595953673124313","0.09595953673124313"
"1176","0.091001957654953","0.091001957654953","0.091001957654953"
"1183","0.12254682928323746","0.12254682928323746","0.12254682928323746"
"1184","0.11720901727676392","0.11720901727676392","0.11720901727676392"
"1185","0.10339450091123581","0.10339450091123581","0.10339450091123581"
"1186","0.1075042188167572","0.1075042188167572","0.1075042188167572"
"1187","0.11253179609775543","0.11253179609775543","0.11253179609775543"
"1194","0.11357805877923965","0.11357805877923965","0.11357805877923965"
"1195","0.09999437630176544","0.09999437630176544","0.09999437630176544"
"1196","0.10680242627859116","0.10680242627859116","0.10680242627859116"
"1197","0.10775415599346161","0.10775415599346161","0.10775415599346161"
"1198","0.11665751785039902","0.11665751785039902","0.11665751785039902"
"1205","0.08966270089149475","0.08966270089149475","0.08966270089149475"
"1206","0.08022594451904297","0.08022594451904297","0.08022594451904297"
"1207","0.08795096725225449","0.08795096725225449","0.08795096725225449"
"1208","0.0985683873295784","0.0985683873295784","0.0985683873295784"
"1209","0.09296087175607681","0.09296087175607681","0.09296087175607681"
"1216","0.1154361367225647","0.1154361367225647","0.1154361367225647"
"1217","0.12267996370792389","0.12267996370792389","0.12267996370792389"
"1218","0.10487253218889236","0.10487253218889236","0.10487253218889236"
"1219","0.07751642167568207","0.07751642167568207","0.07751642167568207"
"1220","0.1290491372346878","0.1290491372346878","0.1290491372346878"
"1227","0.08327742666006088","0.08327742666006088","0.08327742666006088"
"1228","0.09561803191900253","0.09561803191900253","0.09561803191900253"
"1229","0.1505061686038971","0.1505061686038971","0.1505061686038971"
"1230","0.11743684858083725","0.11743684858083725","0.11743684858083725"
"1231","0.09493044018745422","0.09493044018745422","0.09493044018745422"
"1238","0.08923231810331345","0.08923231810331345","0.08923231810331345"
"1239","0.08935960382223129","0.08935960382223129","0.08935960382223129"
"1240","0.09164150059223175","0.09164150059223175","0.09164150059223175"
"1241","0.10356785356998444","0.10356785356998444","0.10356785356998444"
"1242","0.08703652769327164","0.08703652769327164","0.08703652769327164"
"1249","0.11842481046915054","0.11842481046915054","0.11842481046915054"
"1250","0.08964366465806961","0.08964366465806961","0.08964366465806961"
"1251","0.09958711266517639","0.09958711266517639","0.09958711266517639"
"1252","0.1005338504910469","0.1005338504910469","0.1005338504910469"
"1253","0.11505858600139618","0.11505858600139618","0.11505858600139618"
"1260","0.0940372422337532","0.0940372422337532","0.0940372422337532"
"1261","0.10831023752689362","0.10831023752689362","0.10831023752689362"
"1262","0.10173646360635757","0.10173646360635757","0.10173646360635757"
"1263","0.11657286435365677","0.11657286435365677","0.11657286435365677"
"1264","0.10649976879358292","0.10649976879358292","0.10649976879358292"
"1271","0.08641833811998367","0.08641833811998367","0.08641833811998367"
"1272","0.11071617901325226","0.11071617901325226","0.11071617901325226"
"1273","0.12182397395372391","0.12182397395372391","0.12182397395372391"
"1274","0.08855990320444107","0.08855990320444107","0.08855990320444107"
"1275","0.10945320129394531","0.10945320129394531","0.10945320129394531"
"1282","0.10509515553712845","0.10509515553712845","0.10509515553712845"
"1283","0.10324637591838837","0.10324637591838837","0.10324637591838837"
"1284","0.10956049710512161","0.10956049710512161","0.10956049710512161"
"1285","0.09090273827314377","0.09090273827314377","0.09090273827314377"
"1286","0.10161549597978592","0.10161549597978592","0.10161549597978592"
"1293","0.07071002572774887","0.07071002572774887","0.07071002572774887"
"1294","0.09110233187675476","0.09110233187675476","0.09110233187675476"
"1295","0.09584108740091324","0.09584108740091324","0.09584108740091324"
"1296","0.10838000476360321","0.10838000476360321","0.10838000476360321"
"1297","0.14140120148658752","0.14140120148658752","0.14140120148658752"
"1304","0.09605124592781067","0.09605124592781067","0.09605124592781067"
"1305","0.08093065023422241","0.08093065023422241","0.08093065023422241"
"1306","0.1012650653719902","0.1012650653719902","0.1012650653719902"
"1307","0.08968355506658554","0.08968355506658554","0.08968355506658554"
"1308","0.11441390216350555","0.11441390216350555","0.11441390216350555"
"1315","0.12023761123418808","0.12023761123418808","0.12023761123418808"
"1316","0.09771053493022919","0.09771053493022919","0.09771053493022919"
"1317","0.11350026726722717","0.11350026726722717","0.11350026726722717"
"1318","0.08577439188957214","0.08577439188957214","0.08577439188957214"
"1319","0.09648799151182175","0.09648799151182175","0.09648799151182175"
"1326","0.07649296522140503","0.07649296522140503","0.07649296522140503"
"1327","0.10146256536245346","0.10146256536245346","0.10146256536245346"
"1328","0.09751664847135544","0.09751664847135544","0.09751664847135544"
"1329","0.11342377215623856","0.11342377215623856","0.11342377215623856"
"1330","0.1085994690656662","0.1085994690656662","0.1085994690656662"
"1337","0.10751333832740784","0.10751333832740784","0.10751333832740784"
"1338","0.0845160260796547","0.0845160260796547","0.0845160260796547"
"1339","0.10334464907646179","0.10334464907646179","0.10334464907646179"
"1340","0.07849904894828796","0.07849904894828796","0.07849904894828796"
"1341","0.09474655985832214","0.09474655985832214","0.09474655985832214"
"1348","0.10327736288309097","0.10327736288309097","0.10327736288309097"
"1349","0.09659526497125626","0.09659526497125626","0.09659526497125626"
"1350","0.12288457900285721","0.12288457900285721","0.12288457900285721"
"1351","0.08723240345716476","0.08723240345716476","0.08723240345716476"
"1352","0.09922049939632416","0.09922049939632416","0.09922049939632416"
"1359","0.08468620479106903","0.08468620479106903","0.08468620479106903"
"1360","0.09840819239616394","0.09840819239616394","0.09840819239616394"
"1361","0.09760518372058868","0.09760518372058868","0.09760518372058868"
"1362","0.08640063554048538","0.08640063554048538","0.08640063554048538"
"1363","0.1374470293521881","0.1374470293521881","0.1374470293521881"
"1370","0.10902366042137146","0.10902366042137146","0.10902366042137146"
"1371","0.08487875014543533","0.08487875014543533","0.08487875014543533"
"1372","0.09268452972173691","0.09268452972173691","0.09268452972173691"
"1373","0.10926897823810577","0.10926897823810577","0.10926897823810577"
"1374","0.13583321869373322","0.13583321869373322","0.13583321869373322"
"1381","0.10109315067529678","0.10109315067529678","0.10109315067529678"
"1382","0.09264426678419113","0.09264426678419113","0.09264426678419113"
"1383","0.10123928636312485","0.10123928636312485","0.10123928636312485"
"1384","0.11068914085626602","0.11068914085626602","0.11068914085626602"
"1385","0.10605766624212265","0.10605766624212265","0.10605766624212265"
"1392","0.08185085654258728","0.08185085654258728","0.08185085654258728"
"1393","0.11779151856899261","0.11779151856899261","0.11779151856899261"
"1394","0.11452344059944153","0.11452344059944153","0.11452344059944153"
"1395","0.103346087038517","0.103346087038517","0.103346087038517"
"1396","0.09510145336389542","0.09510145336389542","0.09510145336389542"
"1403","0.10769061744213104","0.10769061744213104","0.10769061744213104"
"1404","0.11118718236684799","0.11118718236684799","0.11118718236684799"
"1405","0.08896785229444504","0.08896785229444504","0.08896785229444504"
"1406","0.0949479416012764","0.0949479416012764","0.0949479416012764"
"1407","0.11999605596065521","0.11999605596065521","0.11999605596065521"
"1414","0.08068283647298813","0.08068283647298813","0.08068283647298813"
"1415","0.11056319624185562","0.11056319624185562","0.11056319624185562"
"1416","0.0894354060292244","0.0894354060292244","0.0894354060292244"
"1417","0.0979631319642067","0.0979631319642067","0.0979631319642067"
"1418","0.1055281013250351","0.1055281013250351","0.1055281013250351"
"1425","0.10827071964740753","0.10827071964740753","0.10827071964740753"
"1426","0.10508601367473602","0.10508601367473602","0.10508601367473602"
"1427","0.08096225559711456","0.08096225559711456","0.08096225559711456"
"1428","0.09793449938297272","0.09793449938297272","0.09793449938297272"
"1429","0.09864138066768646","0.09864138066768646","0.09864138066768646"
"1436","0.10938549786806107","0.10938549786806107","0.10938549786806107"
"1437","0.1348419487476349","0.1348419487476349","0.1348419487476349"
"1438","0.09279464185237885","0.09279464185237885","0.09279464185237885"
"1439","0.08778656274080276","0.08778656274080276","0.08778656274080276"
"1440","0.10586193203926086","0.10586193203926086","0.10586193203926086"
"1447","0.0945710763335228","0.0945710763335228","0.0945710763335228"
"1448","0.09113283455371857","0.09113283455371857","0.09113283455371857"
"1449","0.09191372990608215","0.09191372990608215","0.09191372990608215"
"1450","0.11245279014110565","0.11245279014110565","0.11245279014110565"
"1451","0.1030864492058754","0.1030864492058754","0.1030864492058754"
"1458","0.1357051581144333","0.1357051581144333","0.1357051581144333"
"1459","0.0793805718421936","0.0793805718421936","0.0793805718421936"
"1460","0.085409015417099","0.085409015417099","0.085409015417099"
"1461","0.11018773913383484","0.11018773913383484","0.11018773913383484"
"1462","0.08668714016675949","0.08668714016675949","0.08668714016675949"
"1469","0.07813189178705215","0.07813189178705215","0.07813189178705215"
"1470","0.10116405785083771","0.10116405785083771","0.10116405785083771"
"1471","0.07065635919570923","0.07065635919570923","0.07065635919570923"
"1472","0.09081676602363586","0.09081676602363586","0.09081676602363586"
"1473","0.12571844458580017","0.12571844458580017","0.12571844458580017"
"1480","0.09014715254306793","0.09014715254306793","0.09014715254306793"
"1481","0.09712497889995575","0.09712497889995575","0.09712497889995575"
"1482","0.0902034342288971","0.0902034342288971","0.0902034342288971"
"1483","0.08432815223932266","0.08432815223932266","0.08432815223932266"
"1484","0.11493868380784988","0.11493868380784988","0.11493868380784988"
"1491","0.11736629903316498","0.11736629903316498","0.11736629903316498"
"1492","0.08384127169847488","0.08384127169847488","0.08384127169847488"
"1493","0.0869903638958931","0.0869903638958931","0.0869903638958931"
"1494","0.09328620880842209","0.09328620880842209","0.09328620880842209"
"1495","0.0972125381231308","0.0972125381231308","0.0972125381231308"
"1502","0.09831134229898453","0.09831134229898453","0.09831134229898453"
"1503","0.11177242547273636","0.11177242547273636","0.11177242547273636"
"1504","0.13167056441307068","0.13167056441307068","0.13167056441307068"
"1505","0.08852700144052505","0.08852700144052505","0.08852700144052505"
"1506","0.10268266499042511","0.10268266499042511","0.10268266499042511"
"1513","0.10399899631738663","0.10399899631738663","0.10399899631738663"
"1514","0.09912355244159698","0.09912355244159698","0.09912355244159698"
"1515","0.09868529438972473","0.09868529438972473","0.09868529438972473"
"1516","0.1221187561750412","0.1221187561750412","0.1221187561750412"
"1517","0.08345161378383636","0.08345161378383636","0.08345161378383636"
"1524","0.0934438481926918","0.0934438481926918","0.0934438481926918"
"1525","0.08310367912054062","0.08310367912054062","0.08310367912054062"
"1526","0.11591045558452606","0.11591045558452606","0.11591045558452606"
"1527","0.06899586319923401","0.06899586319923401","0.06899586319923401"
"1528","0.10467282682657242","0.10467282682657242","0.10467282682657242"
"1535","0.08225742727518082","0.08225742727518082","0.08225742727518082"
"1536","0.08142562210559845","0.08142562210559845","0.08142562210559845"
"1537","0.10661869496107101","0.10661869496107101","0.10661869496107101"
"1538","0.10880717635154724","0.10880717635154724","0.10880717635154724"
"1539","0.08481291681528091","0.08481291681528091","0.08481291681528091"
"1546","0.13723532855510712","0.13723532855510712","0.13723532855510712"
"1547","0.09488403052091599","0.09488403052091599","0.09488403052091599"
"1548","0.09591887146234512","0.09591887146234512","0.09591887146234512"
"1549","0.11230064928531647","0.11230064928531647","0.11230064928531647"
"1550","0.11505623161792755","0.11505623161792755","0.11505623161792755"
"1557","0.1017046794295311","0.1017046794295311","0.1017046794295311"
"1558","0.0955791100859642","0.0955791100859642","0.0955791100859642"
"1559","0.1064097061753273","0.1064097061753273","0.1064097061753273"
"1560","0.1108618974685669","0.1108618974685669","0.1108618974685669"
"1561","0.0871419757604599","0.0871419757604599","0.0871419757604599"
"1568","0.09348765015602112","0.09348765015602112","0.09348765015602112"
"1569","0.08885937184095383","0.08885937184095383","0.08885937184095383"
"1570","0.07731568813323975","0.07731568813323975","0.07731568813323975"
"1571","0.10772445797920227","0.10772445797920227","0.10772445797920227"
"1572","0.08591575175523758","0.08591575175523758","0.08591575175523758"
"1579","0.10313977301120758","0.10313977301120758","0.10313977301120758"
"1580","0.09001686424016953","0.09001686424016953","0.09001686424016953"
"1581","0.10202522575855255","0.10202522575855255","0.10202522575855255"
"1582","0.07737486809492111","0.07737486809492111","0.07737486809492111"
"1583","0.10370734333992004","0.10370734333992004","0.10370734333992004"
"1590","0.07821658998727798","0.07821658998727798","0.07821658998727798"
"1591","0.1128673180937767","0.1128673180937767","0.1128673180937767"
"1592","0.07524633407592773","0.07524633407592773","0.07524633407592773"
"1593","0.08747021853923798","0.08747021853923798","0.08747021853923798"
"1594","0.07984449714422226","0.07984449714422226","0.07984449714422226"
"1601","0.12274820357561111","0.12274820357561111","0.12274820357561111"
"1602","0.08390260487794876","0.08390260487794876","0.08390260487794876"
"1603","0.10017877072095871","0.10017877072095871","0.10017877072095871"
"1604","0.0804353654384613","0.0804353654384613","0.0804353654384613"
"1605","0.06902781873941422","0.06902781873941422","0.06902781873941422"
"1612","0.10697213560342789","0.10697213560342789","0.10697213560342789"
"1613","0.10934821516275406","0.10934821516275406","0.10934821516275406"
"1614","0.14893245697021484","0.14893245697021484","0.14893245697021484"
"1615","0.1171947568655014","0.1171947568655014","0.1171947568655014"
"1616","0.11573518812656403","0.11573518812656403","0.11573518812656403"
"1623","0.0840773805975914","0.0840773805975914","0.0840773805975914"
"1624","0.0945187509059906","0.0945187509059906","0.0945187509059906"
"1625","0.09123894572257996","0.09123894572257996","0.09123894572257996"
"1626","0.1009233221411705","0.1009233221411705","0.1009233221411705"
"1627","0.10042427480220795","0.10042427480220795","0.10042427480220795"
"1634","0.08787523210048676","0.08787523210048676","0.08787523210048676"
"1635","0.07611939311027527","0.07611939311027527","0.07611939311027527"
"1636","0.08584786206483841","0.08584786206483841","0.08584786206483841"
"1637","0.09540699422359467","0.09540699422359467","0.09540699422359467"
"1638","0.08768931031227112","0.08768931031227112","0.08768931031227112"
"1645","0.10354425013065338","0.10354425013065338","0.10354425013065338"
"1646","0.09233132004737854","0.09233132004737854","0.09233132004737854"
"1647","0.13084304332733154","0.13084304332733154","0.13084304332733154"
"1648","0.09495564550161362","0.09495564550161362","0.09495564550161362"
"1649","0.07629509270191193","0.07629509270191193","0.07629509270191193"
"1656","0.0818910300731659","0.0818910300731659","0.0818910300731659"
"1657","0.08581072837114334","0.08581072837114334","0.08581072837114334"
"1658","0.07202692329883575","0.07202692329883575","0.07202692329883575"
"1659","0.074973925948143","0.074973925948143","0.074973925948143"
"1660","0.10056605935096741","0.10056605935096741","0.10056605935096741"
"1667","0.10348094999790192","0.10348094999790192","0.10348094999790192"
"1668","0.10300362855195999","0.10300362855195999","0.10300362855195999"
"1669","0.10127169638872147","0.10127169638872147","0.10127169638872147"
"1670","0.0975705236196518","0.0975705236196518","0.0975705236196518"
"1671","0.10408899933099747","0.10408899933099747","0.10408899933099747"
"1678","0.09504078328609467","0.09504078328609467","0.09504078328609467"
"1679","0.10608991980552673","0.10608991980552673","0.10608991980552673"
"1680","0.08366160094738007","0.08366160094738007","0.08366160094738007"
"1681","0.10412879288196564","0.10412879288196564","0.10412879288196564"
"1682","0.08229203522205353","0.08229203522205353","0.08229203522205353"
"1689","0.09038624912500381","0.09038624912500381","0.09038624912500381"
"1690","0.11288417875766754","0.11288417875766754","0.11288417875766754"
"1691","0.0860486552119255","0.0860486552119255","0.0860486552119255"
"1692","0.09422995150089264","0.09422995150089264","0.09422995150089264"
"1693","0.10703203082084656","0.10703203082084656","0.10703203082084656"
"1700","0.09282515197992325","0.09282515197992325","0.09282515197992325"
"1701","0.09091947227716446","0.09091947227716446","0.09091947227716446"
"1702","0.11006706953048706","0.11006706953048706","0.11006706953048706"
"1703","0.07991570234298706","0.07991570234298706","0.07991570234298706"
"1704","0.10527004301548004","0.10527004301548004","0.10527004301548004"
"1711","0.08187329024076462","0.08187329024076462","0.08187329024076462"
"1712","0.08215762674808502","0.08215762674808502","0.08215762674808502"
"1713","0.0908399298787117","0.0908399298787117","0.0908399298787117"
"1714","0.09156100451946259","0.09156100451946259","0.09156100451946259"
"1715","0.08324944972991943","0.08324944972991943","0.08324944972991943"
"1722","0.08243682235479355","0.08243682235479355","0.08243682235479355"
"1723","0.10773760080337524","0.10773760080337524","0.10773760080337524"
"1724","0.07323062419891357","0.07323062419891357","0.07323062419891357"
"1725","0.10292781889438629","0.10292781889438629","0.10292781889438629"
"1726","0.08680180460214615","0.08680180460214615","0.08680180460214615"
"1733","0.10837384313344955","0.10837384313344955","0.10837384313344955"
"1734","0.09819639474153519","0.09819639474153519","0.09819639474153519"
"1735","0.07334782928228378","0.07334782928228378","0.07334782928228378"
"1736","0.08506867289543152","0.08506867289543152","0.08506867289543152"
"1737","0.08496508747339249","0.08496508747339249","0.08496508747339249"
"1744","0.11692377179861069","0.11692377179861069","0.11692377179861069"
"1745","0.07439079880714417","0.07439079880714417","0.07439079880714417"
"1746","0.10755468159914017","0.10755468159914017","0.10755468159914017"
"1747","0.10056959837675095","0.10056959837675095","0.10056959837675095"
"1748","0.08090519905090332","0.08090519905090332","0.08090519905090332"
"1755","0.07866405695676804","0.07866405695676804","0.07866405695676804"
"1756","0.0856628343462944","0.0856628343462944","0.0856628343462944"
"1757","0.079256571829319","0.079256571829319","0.079256571829319"
"1758","0.08588020503520966","0.08588020503520966","0.08588020503520966"
"1759","0.08487197756767273","0.08487197756767273","0.08487197756767273"
"1766","0.0767143964767456","0.0767143964767456","0.0767143964767456"
"1767","0.094801165163517","0.094801165163517","0.094801165163517"
"1768","0.10932549089193344","0.10932549089193344","0.10932549089193344"
"1769","0.08582410961389542","0.08582410961389542","0.08582410961389542"
"1770","0.1040417030453682","0.1040417030453682","0.1040417030453682"
"1777","0.07510778307914734","0.07510778307914734","0.07510778307914734"
"1778","0.11273425817489624","0.11273425817489624","0.11273425817489624"
"1779","0.08483725041151047","0.08483725041151047","0.08483725041151047"
"1780","0.09821971505880356","0.09821971505880356","0.09821971505880356"
"1781","0.10846945643424988","0.10846945643424988","0.10846945643424988"
"1788","0.09673672169446945","0.09673672169446945","0.09673672169446945"
"1789","0.08747292309999466","0.08747292309999466","0.08747292309999466"
"1790","0.0797315239906311","0.0797315239906311","0.0797315239906311"
"1791","0.07267192751169205","0.07267192751169205","0.07267192751169205"
"1792","0.08458953350782394","0.08458953350782394","0.08458953350782394"
"1799","0.08436770737171173","0.08436770737171173","0.08436770737171173"
"1800","0.08344150334596634","0.08344150334596634","0.08344150334596634"
"1801","0.0799621045589447","0.0799621045589447","0.0799621045589447"
"1802","0.07732931524515152","0.07732931524515152","0.07732931524515152"
"1803","0.08408299833536148","0.08408299833536148","0.08408299833536148"
"1810","0.07151980698108673","0.07151980698108673","0.07151980698108673"
"1811","0.09535438567399979","0.09535438567399979","0.09535438567399979"
"1812","0.09575631469488144","0.09575631469488144","0.09575631469488144"
"1813","0.09209177643060684","0.09209177643060684","0.09209177643060684"
"1814","0.07521674036979675","0.07521674036979675","0.07521674036979675"
"1821","0.11941513419151306","0.11941513419151306","0.11941513419151306"
"1822","0.10715341567993164","0.10715341567993164","0.10715341567993164"
"1823","0.0868435725569725","0.0868435725569725","0.0868435725569725"
"1824","0.10251304507255554","0.10251304507255554","0.10251304507255554"
"1825","0.08868627995252609","0.08868627995252609","0.08868627995252609"
"1832","0.1092400848865509","0.1092400848865509","0.1092400848865509"
"1833","0.10256646573543549","0.10256646573543549","0.10256646573543549"
"1834","0.08782462030649185","0.08782462030649185","0.08782462030649185"
"1835","0.14030486345291138","0.14030486345291138","0.14030486345291138"
"1836","0.10212460905313492","0.10212460905313492","0.10212460905313492"
"1843","0.09842792898416519","0.09842792898416519","0.09842792898416519"
"1844","0.10651777684688568","0.10651777684688568","0.10651777684688568"
"1845","0.08597056567668915","0.08597056567668915","0.08597056567668915"
"1846","0.08103260397911072","0.08103260397911072","0.08103260397911072"
"1847","0.08670703321695328","0.08670703321695328","0.08670703321695328"
"1854","0.06779226660728455","0.06779226660728455","0.06779226660728455"
"1855","0.0925687849521637","0.0925687849521637","0.0925687849521637"
"1856","0.10709483921527863","0.10709483921527863","0.10709483921527863"
"1857","0.09186528623104095","0.09186528623104095","0.09186528623104095"
"1858","0.10558561235666275","0.10558561235666275","0.10558561235666275"
"1865","0.11493267118930817","0.11493267118930817","0.11493267118930817"
"1866","0.08556400239467621","0.08556400239467621","0.08556400239467621"
"1867","0.07101648300886154","0.07101648300886154","0.07101648300886154"
"1868","0.0867866575717926","0.0867866575717926","0.0867866575717926"
"1869","0.07454481720924377","0.07454481720924377","0.07454481720924377"
"1876","0.08583115041255951","0.08583115041255951","0.08583115041255951"
"1877","0.07092510163784027","0.07092510163784027","0.07092510163784027"
"1878","0.09076860547065735","0.09076860547065735","0.09076860547065735"
"1879","0.0775245651602745","0.0775245651602745","0.0775245651602745"
"1880","0.10009054094552994","0.10009054094552994","0.10009054094552994"
"1887","0.1071004569530487","0.1071004569530487","0.1071004569530487"
"1888","0.06913527101278305","0.06913527101278305","0.06913527101278305"
"1889","0.09114931523799896","0.09114931523799896","0.09114931523799896"
"1890","0.10013129562139511","0.10013129562139511","0.10013129562139511"
"1891","0.09152468293905258","0.09152468293905258","0.09152468293905258"
"1898","0.07120702415704727","0.07120702415704727","0.07120702415704727"
"1899","0.13779577612876892","0.13779577612876892","0.13779577612876892"
"1900","0.0844777524471283","0.0844777524471283","0.0844777524471283"
"1901","0.07406923919916153","0.07406923919916153","0.07406923919916153"
"1902","0.07990466058254242","0.07990466058254242","0.07990466058254242"
"1909","0.09194391220808029","0.09194391220808029","0.09194391220808029"
"1910","0.08597331494092941","0.08597331494092941","0.08597331494092941"
"1911","0.07739457488059998","0.07739457488059998","0.07739457488059998"
"1912","0.0844966396689415","0.0844966396689415","0.0844966396689415"
"1913","0.10228876769542694","0.10228876769542694","0.10228876769542694"
"1920","0.07424783706665039","0.07424783706665039","0.07424783706665039"
"1921","0.08612377941608429","0.08612377941608429","0.08612377941608429"
"1922","0.08729486167430878","0.08729486167430878","0.08729486167430878"
"1923","0.10438290983438492","0.10438290983438492","0.10438290983438492"
"1924","0.09421993046998978","0.09421993046998978","0.09421993046998978"
"1931","0.07644077390432358","0.07644077390432358","0.07644077390432358"
"1932","0.10023041069507599","0.10023041069507599","0.10023041069507599"
"1933","0.1028662621974945","0.1028662621974945","0.1028662621974945"
"1934","0.07409800589084625","0.07409800589084625","0.07409800589084625"
"1935","0.08312079310417175","0.08312079310417175","0.08312079310417175"
"1942","0.09168247133493423","0.09168247133493423","0.09168247133493423"
"1943","0.09546416252851486","0.09546416252851486","0.09546416252851486"
"1944","0.09101022779941559","0.09101022779941559","0.09101022779941559"
"1945","0.09266732633113861","0.09266732633113861","0.09266732633113861"
"1946","0.07982692122459412","0.07982692122459412","0.07982692122459412"
"1953","0.07555066794157028","0.07555066794157028","0.07555066794157028"
"1954","0.08027520030736923","0.08027520030736923","0.08027520030736923"
"1955","0.07023917138576508","0.07023917138576508","0.07023917138576508"
"1956","0.11887521296739578","0.11887521296739578","0.11887521296739578"
"1957","0.10487314313650131","0.10487314313650131","0.10487314313650131"
"1964","0.06798693537712097","0.06798693537712097","0.06798693537712097"
"1965","0.08736643195152283","0.08736643195152283","0.08736643195152283"
"1966","0.1001780554652214","0.1001780554652214","0.1001780554652214"
"1967","0.07086058706045151","0.07086058706045151","0.07086058706045151"
"1968","0.0898984968662262","0.0898984968662262","0.0898984968662262"
"1975","0.093459852039814","0.093459852039814","0.093459852039814"
"1976","0.10285057127475739","0.10285057127475739","0.10285057127475739"
"1977","0.09483447670936584","0.09483447670936584","0.09483447670936584"
"1978","0.10305894166231155","0.10305894166231155","0.10305894166231155"
"1979","0.10627234727144241","0.10627234727144241","0.10627234727144241"
"1986","0.08304905146360397","0.08304905146360397","0.08304905146360397"
"1987","0.07863769680261612","0.07863769680261612","0.07863769680261612"
"1988","0.06682974100112915","0.06682974100112915","0.06682974100112915"
"1989","0.09808950871229172","0.09808950871229172","0.09808950871229172"
"1990","0.09554286301136017","0.09554286301136017","0.09554286301136017"
"1997","0.1047544926404953","0.1047544926404953","0.1047544926404953"
"1998","0.0771491751074791","0.0771491751074791","0.0771491751074791"
"1999","0.07543489336967468","0.07543489336967468","0.07543489336967468"
"2000","0.08233465254306793","0.08233465254306793","0.08233465254306793"
"2001","0.09399592131376266","0.09399592131376266","0.09399592131376266"
"2008","0.09755362570285797","0.09755362570285797","0.09755362570285797"
"2009","0.08402375131845474","0.08402375131845474","0.08402375131845474"
"2010","0.09501291811466217","0.09501291811466217","0.09501291811466217"
"2011","0.07965505123138428","0.07965505123138428","0.07965505123138428"
"2012","0.08158710598945618","0.08158710598945618","0.08158710598945618"
"2019","0.08681371062994003","0.08681371062994003","0.08681371062994003"
"2020","0.07535658031702042","0.07535658031702042","0.07535658031702042"
"2021","0.08457835018634796","0.08457835018634796","0.08457835018634796"
"2022","0.11335667967796326","0.11335667967796326","0.11335667967796326"
"2023","0.10715367645025253","0.10715367645025253","0.10715367645025253"
"2030","0.09208608418703079","0.09208608418703079","0.09208608418703079"
"2031","0.08340612053871155","0.08340612053871155","0.08340612053871155"
"2032","0.08068136870861053","0.08068136870861053","0.08068136870861053"
"2033","0.09136716276407242","0.09136716276407242","0.09136716276407242"
"2034","0.1098584309220314","0.1098584309220314","0.1098584309220314"
"2041","0.12009009718894958","0.12009009718894958","0.12009009718894958"
"2042","0.08452674001455307","0.08452674001455307","0.08452674001455307"
"2043","0.09990419447422028","0.09990419447422028","0.09990419447422028"
"2044","0.06803009659051895","0.06803009659051895","0.06803009659051895"
"2045","0.1091066375374794","0.1091066375374794","0.1091066375374794"
"2052","0.08844303339719772","0.08844303339719772","0.08844303339719772"
"2053","0.06368592381477356","0.06368592381477356","0.06368592381477356"
"2054","0.08142540603876114","0.08142540603876114","0.08142540603876114"
"2055","0.08036913722753525","0.08036913722753525","0.08036913722753525"
"2056","0.08026943355798721","0.08026943355798721","0.08026943355798721"
"2063","0.06656499952077866","0.06656499952077866","0.06656499952077866"
"2064","0.10090576112270355","0.10090576112270355","0.10090576112270355"
"2065","0.07670363038778305","0.07670363038778305","0.07670363038778305"
"2066","0.07737778127193451","0.07737778127193451","0.07737778127193451"
"2067","0.1118340939283371","0.1118340939283371","0.1118340939283371"
"2074","0.10911310464143753","0.10911310464143753","0.10911310464143753"
"2075","0.07365069538354874","0.07365069538354874","0.07365069538354874"
"2076","0.09305889904499054","0.09305889904499054","0.09305889904499054"
"2077","0.0692923441529274","0.0692923441529274","0.0692923441529274"
"2078","0.08346985280513763","0.08346985280513763","0.08346985280513763"
"2085","0.07078369706869125","0.07078369706869125","0.07078369706869125"
"2086","0.09665575623512268","0.09665575623512268","0.09665575623512268"
"2087","0.11782719194889069","0.11782719194889069","0.11782719194889069"
"2088","0.07882644981145859","0.07882644981145859","0.07882644981145859"
"2089","0.08261950314044952","0.08261950314044952","0.08261950314044952"
"2096","0.09388016164302826","0.09388016164302826","0.09388016164302826"
"2097","0.10036827623844147","0.10036827623844147","0.10036827623844147"
"2098","0.1087854728102684","0.1087854728102684","0.1087854728102684"
"2099","0.09293953329324722","0.09293953329324722","0.09293953329324722"
"2100","0.11680498719215393","0.11680498719215393","0.11680498719215393"
"2107","0.09736359864473343","0.09736359864473343","0.09736359864473343"
"2108","0.11192311346530914","0.11192311346530914","0.11192311346530914"
"2109","0.0694386214017868","0.0694386214017868","0.0694386214017868"
"2110","0.09971198439598083","0.09971198439598083","0.09971198439598083"
"2111","0.0909053161740303","0.0909053161740303","0.0909053161740303"
"2118","0.07544881105422974","0.07544881105422974","0.07544881105422974"
"2119","0.08176612854003906","0.08176612854003906","0.08176612854003906"
"2120","0.07330053299665451","0.07330053299665451","0.07330053299665451"
"2121","0.0928228348493576","0.0928228348493576","0.0928228348493576"
"2122","0.07675179839134216","0.07675179839134216","0.07675179839134216"
"2129","0.11055377870798111","0.11055377870798111","0.11055377870798111"
"2130","0.09790121018886566","0.09790121018886566","0.09790121018886566"
"2131","0.1138257384300232","0.1138257384300232","0.1138257384300232"
"2132","0.09428844600915909","0.09428844600915909","0.09428844600915909"
"2133","0.08429111540317535","0.08429111540317535","0.08429111540317535"
"2140","0.07795359194278717","0.07795359194278717","0.07795359194278717"
"2141","0.09374529868364334","0.09374529868364334","0.09374529868364334"
"2142","0.0951564610004425","0.0951564610004425","0.0951564610004425"
"2143","0.09906308352947235","0.09906308352947235","0.09906308352947235"
"2144","0.07087360322475433","0.07087360322475433","0.07087360322475433"
"2151","0.07154878973960876","0.07154878973960876","0.07154878973960876"
"2152","0.07961665838956833","0.07961665838956833","0.07961665838956833"
"2153","0.1371224820613861","0.1371224820613861","0.1371224820613861"
"2154","0.08088994026184082","0.08088994026184082","0.08088994026184082"
"2155","0.07782992720603943","0.07782992720603943","0.07782992720603943"
"2162","0.0924796611070633","0.0924796611070633","0.0924796611070633"
"2163","0.08697398751974106","0.08697398751974106","0.08697398751974106"
"2164","0.09241645038127899","0.09241645038127899","0.09241645038127899"
"2165","0.08712273091077805","0.08712273091077805","0.08712273091077805"
"2166","0.08908586204051971","0.08908586204051971","0.08908586204051971"
"2173","0.09087709337472916","0.09087709337472916","0.09087709337472916"
"2174","0.0996478721499443","0.0996478721499443","0.0996478721499443"
"2175","0.08189058303833008","0.08189058303833008","0.08189058303833008"
"2176","0.08813928812742233","0.08813928812742233","0.08813928812742233"
"2177","0.10403681546449661","0.10403681546449661","0.10403681546449661"
"2184","0.07887232303619385","0.07887232303619385","0.07887232303619385"
"2185","0.10746915638446808","0.10746915638446808","0.10746915638446808"
"2186","0.09517969936132431","0.09517969936132431","0.09517969936132431"
"2187","0.09071697294712067","0.09071697294712067","0.09071697294712067"
"2188","0.10448268055915833","0.10448268055915833","0.10448268055915833"
"2195","0.10695948451757431","0.10695948451757431","0.10695948451757431"
"2196","0.10300030559301376","0.10300030559301376","0.10300030559301376"
"2197","0.0842568576335907","0.0842568576335907","0.0842568576335907"
"2198","0.06878585368394852","0.06878585368394852","0.06878585368394852"
"2199","0.07609174400568008","0.07609174400568008","0.07609174400568008"
"2206","0.08990324288606644","0.08990324288606644","0.08990324288606644"
"2207","0.09306424111127853","0.09306424111127853","0.09306424111127853"
"2208","0.08950170129537582","0.08950170129537582","0.08950170129537582"
"2209","0.08486603945493698","0.08486603945493698","0.08486603945493698"
"2210","0.09360217303037643","0.09360217303037643","0.09360217303037643"
"2217","0.09618384391069412","0.09618384391069412","0.09618384391069412"
"2218","0.06004096195101738","0.06004096195101738","0.06004096195101738"
"2219","0.11120067536830902","0.11120067536830902","0.11120067536830902"
"2220","0.09139851480722427","0.09139851480722427","0.09139851480722427"
"2221","0.10954739153385162","0.10954739153385162","0.10954739153385162"
"2228","0.08214257657527924","0.08214257657527924","0.08214257657527924"
"2229","0.0859859362244606","0.0859859362244606","0.0859859362244606"
"2230","0.08198560774326324","0.08198560774326324","0.08198560774326324"
"2231","0.05828952044248581","0.05828952044248581","0.05828952044248581"
"2232","0.10167217999696732","0.10167217999696732","0.10167217999696732"
"2239","0.09448601305484772","0.09448601305484772","0.09448601305484772"
"2240","0.08102841675281525","0.08102841675281525","0.08102841675281525"
"2241","0.06550188362598419","0.06550188362598419","0.06550188362598419"
"2242","0.06850762665271759","0.06850762665271759","0.06850762665271759"
"2243","0.10526757687330246","0.10526757687330246","0.10526757687330246"
"2250","0.07410655170679092","0.07410655170679092","0.07410655170679092"
"2251","0.07973673939704895","0.07973673939704895","0.07973673939704895"
"2252","0.09801077097654343","0.09801077097654343","0.09801077097654343"
"2253","0.09408702701330185","0.09408702701330185","0.09408702701330185"
"2254","0.08310618251562119","0.08310618251562119","0.08310618251562119"
"2261","0.08800128847360611","0.08800128847360611","0.08800128847360611"
"2262","0.08405362814664841","0.08405362814664841","0.08405362814664841"
"2263","0.08738511055707932","0.08738511055707932","0.08738511055707932"
"2264","0.07793585956096649","0.07793585956096649","0.07793585956096649"
"2265","0.10875348001718521","0.10875348001718521","0.10875348001718521"
"2272","0.07133743911981583","0.07133743911981583","0.07133743911981583"
"2273","0.08698263019323349","0.08698263019323349","0.08698263019323349"
"2274","0.0867232158780098","0.0867232158780098","0.0867232158780098"